코드,대분류,품목명,규격,단위,판매단가,원가,조달가,매입처,차량적재수량,비고
JC001,주철-인증맨홀,맨홀뚜껑(이면도로),Ø648,세트,112800,94000,,주철제품 카탈로그,,"뚜껑 60,000 / 받침 34,000. Ø766·Ø918 속뚜껑 포함시 20,000 추가"
JC002,주철-인증맨홀,맨홀뚜껑(정중량),Ø648,세트,184800,154000,,주철제품 카탈로그,,"뚜껑 120,000 / 받침 34,000. Ø766·Ø918 속뚜껑 포함시 20,000 추가"
JC003,주철-인증맨홀,맨홀뚜껑(회주철),Ø648,세트,127200,106000,,주철제품 카탈로그,,"뚜껑 72,000 / 받침 34,000. Ø766·Ø918 속뚜껑 포함시 20,000 추가"
JC004,주철-인증맨홀,맨홀뚜껑(상수도250받침),Ø648,세트,261600,218000,,주철제품 카탈로그,,"뚜껑 66,000 / 받침 152,000. Ø766·Ø918 속뚜껑 포함시 20,000 추가"
JC005,주철-인증맨홀,맨홀뚜껑(회주철),Ø766,세트,400800,334000,,주철제품 카탈로그,,"뚜껑 202,000 / 받침 132,000. Ø766·Ø918 속뚜껑 포함시 20,000 추가"
JC006,주철-인증맨홀,맨홀뚜껑(회주철),Ø918,세트,594000,495000,,주철제품 카탈로그,,"뚜껑 334,000 / 받침 161,000. Ø766·Ø918 속뚜껑 포함시 20,000 추가"
JC007,주철-인증맨홀,맨홀뚜껑(이면도로),1120*620,세트,166800,139000,,주철제품 카탈로그,,"뚜껑 46,000 / 받침 47,000. Ø766·Ø918 속뚜껑 포함시 20,000 추가"
JC008,주철-인증맨홀,맨홀뚜껑(회주철),1120*620,세트,258000,215000,,주철제품 카탈로그,,"뚜껑 84,000 / 받침 47,000. Ø766·Ø918 속뚜껑 포함시 20,000 추가"
JC009,주철-인증맨홀,맨홀뚜껑(정중량),1120*620,세트,373200,311000,,주철제품 카탈로그,,"뚜껑 132,000 / 받침 47,000. Ø766·Ø918 속뚜껑 포함시 20,000 추가"
JC010,주철-원형맨홀,원형맨홀뚜껑,Ø300,세트,9600,8000,,주철제품 카탈로그,,
JC011,주철-원형맨홀,원형맨홀뚜껑(오수받이),Ø375,세트,24000,20000,,주철제품 카탈로그,,
JC012,주철-원형맨홀,원형맨홀뚜껑,Ø450,세트,18000,15000,,주철제품 카탈로그,,
JC013,주철-원형맨홀,원형맨홀뚜껑(정화조 보도),Ø600,세트,27600,23000,,주철제품 카탈로그,,"뚜껑 15,000 / 받침 8,000"
JC014,주철-원형맨홀,원형맨홀뚜껑(정화조 차도),Ø600,세트,37200,31000,,주철제품 카탈로그,,"뚜껑 23,000 / 받침 8,000"
JC015,주철-원형맨홀,원형맨홀뚜껑(정화조 안전망),Ø600,세트,40800,34000,,주철제품 카탈로그,,"뚜껑 23,000 / 받침 11,000"
JC016,주철-원형맨홀,원형맨홀뚜껑(차도),Ø600,세트,54000,45000,,주철제품 카탈로그,,"뚜껑 27,000 / 받침 18,000"
JC017,주철-원형맨홀,원형맨홀뚜껑(차도),Ø648,세트,72000,60000,,주철제품 카탈로그,,"뚜껑 39,000 / 받침 21,000"
JC018,주철-멀티/칼라,원형멀티맨홀,Ø648 보도 60t,세트,84000,70000,,주철제품 카탈로그,,
JC019,주철-멀티/칼라,원형멀티맨홀,Ø648 차도 80t,세트,110400,92000,,주철제품 카탈로그,,
JC020,주철-멀티/칼라,사각멀티맨홀,711*711 보도 60t,세트,116400,97000,,주철제품 카탈로그,,
JC021,주철-멀티/칼라,사각멀티맨홀,711*711 차도 80t,세트,135600,113000,,주철제품 카탈로그,,
JC022,주철-멀티/칼라,사각멀티맨홀,1175*595 통신 80t,세트,151200,126000,,주철제품 카탈로그,,
JC023,주철-멀티/칼라,3볼트잠금맨홀,Ø648,세트,115200,96000,,주철제품 카탈로그,,
JC024,주철-멀티/칼라,주철제 칼라맨홀,800*800*60,세트,87600,73000,,주철제품 카탈로그,,
JC025,주철-멀티/칼라,칼라맨홀 추락방지망,별도구매,세트,21600,18000,,주철제품 카탈로그,,
JC026,주철-멀티/칼라,콘크리트 칼라맨홀,800*800*60,세트,87600,73000,,주철제품 카탈로그,,
JC027,주철-이단철개,이단철개 제수변,265mm,개,30000,25000,,주철제품 카탈로그,,
JC028,주철-이단철개,이단철개 지수전,100mm,개,10800,9000,,주철제품 카탈로그,,
JC029,주철-이단철개,이단철개 지수전,150mm,개,16800,14000,,주철제품 카탈로그,,
JC030,주철-이단철개,보호통,PE제수변,개,9600,8000,,주철제품 카탈로그,,
JC101,주철-인상링,인상링 지수전,Ø150,개,9600,8000,,주철제품 카탈로그,,
JC102,주철-인상링,인상링 제수변,Ø265,개,20400,17000,,주철제품 카탈로그,,
JC103,주철-인상링,인상링 제수변(볼트),Ø265,개,22800,19000,,주철제품 카탈로그,,
JC104,주철-인상링,인상링 상수도,Ø318,개,15600,13000,,주철제품 카탈로그,,높이3cm
JC105,주철-인상링,인상링 오수받이,Ø375,개,15600,13000,,주철제품 카탈로그,,높이4cm
JC106,주철-인상링,인상링,Ø600,개,24000,20000,,주철제품 카탈로그,,높이5cm/4cm
JC107,주철-인상링,인상링,Ø648,개,26400,22000,,주철제품 카탈로그,,높이5cm
JC108,주철-인상링,인상링,Ø766,개,39600,33000,,주철제품 카탈로그,,높이5cm
JC109,주철-인상링,인상링,Ø918,개,50400,42000,,주철제품 카탈로그,,높이5cm/4cm
JC110,주철-인상링,인상링 통신사각,1120*620,개,37200,31000,,주철제품 카탈로그,,
JC111,주철-인상링,PE인상링,310*370*H150,개,6000,5000,,주철제품 카탈로그,,
JC112,주철-인상링,PE인상링,410*510*H150,개,10800,9000,,주철제품 카탈로그,,
JC113,주철-인상링,PE인상링,600*600*H415,개,39600,33000,,주철제품 카탈로그,,
JC114,주철-인상링,계량기인상링,13/15mm,개,14400,12000,,주철제품 카탈로그,,
JC115,주철-인상링,계량기인상링,20/25mm,개,15600,13000,,주철제품 카탈로그,,
JC116,주철-우수통,주철제 우수통,400*500*400,개,116400,97000,,주철제품 카탈로그,,
JC117,주철-우수통,주철제 우수통,400*1000*400,개,218400,182000,,주철제품 카탈로그,,
JC118,주철-트렌치,무소음트렌치(중차량),200*1000*27,개,44400,37000,,주철제품 카탈로그,,
JC119,주철-트렌치,무소음트렌치(중차량),200*1000*35,개,48000,40000,,주철제품 카탈로그,,
JC120,주철-트렌치,무소음트렌치(중차량),200*1000*45,개,52800,44000,,주철제품 카탈로그,,
JC121,주철-트렌치,무소음트렌치(중차량),250*1000*35,개,58800,49000,,주철제품 카탈로그,,
JC122,주철-트렌치,무소음트렌치(중차량),300*1000*35,개,70800,59000,,주철제품 카탈로그,,
JC123,주철-트렌치,무소음트렌치(중차량),300*1000*45,개,72000,60000,,주철제품 카탈로그,,"경차량 51,000"
JC124,주철-트렌치,무소음트렌치(중차량),400*1000*48,개,100800,84000,,주철제품 카탈로그,,"경차량 74,000"
JC125,주철-트렌치,무소음트렌치(중차량),500*1000*48,개,133200,111000,,주철제품 카탈로그,,
JC126,주철-FRP정화조,FRP정화조 맨홀,5톤 스텐 안전망,세트,68400,57000,,주철제품 카탈로그,,
JC127,주철-FRP정화조,FRP정화조 맨홀,5톤 철근 안전망,세트,60000,50000,,주철제품 카탈로그,,
JC128,주철-FRP정화조,FRP정화조 맨홀,5톤 FRP 안전망,세트,60000,50000,,주철제품 카탈로그,,
JC129,주철-FRP정화조,FRP정화조 맨홀,5톤 FRP 안전망(수입),세트,50400,42000,,주철제품 카탈로그,,
JC130,주철-FRP정화조,FRP정화조 맨홀,10톤 스텐 안전망,세트,90000,75000,,주철제품 카탈로그,,
JC131,주철-FRP정화조,FRP정화조 맨홀,10톤 철근 안전망,세트,81600,68000,,주철제품 카탈로그,,
JC201,주철-사각맨홀,사각주철 맨홀뚜껑,300*1000*50,개,32400,27000,,주철제품 카탈로그,,뚜껑만
JC202,주철-사각맨홀,사각주철 맨홀뚜껑,400*500*50,세트,34800,29000,,주철제품 카탈로그,,"뚜껑 16,000 / 받침 13,000 · 우,오수"
JC203,주철-사각맨홀,사각주철 맨홀뚜껑,400*1000*50,세트,66000,55000,,주철제품 카탈로그,,"뚜껑 36,000 / 받침 19,000"
JC204,주철-사각맨홀,사각주철 맨홀뚜껑,500*500*30,개,25200,21000,,주철제품 카탈로그,,"뚜껑만 · 경찰,전기,통신"
JC205,주철-사각맨홀,사각주철 맨홀뚜껑,500*500*50,세트,48000,40000,,주철제품 카탈로그,,"뚜껑 23,000 / 받침 17,000 · 우수,오수"
JC206,주철-사각맨홀,사각주철 맨홀뚜껑,500*600*50,세트,51600,43000,,주철제품 카탈로그,,"뚜껑 25,000 / 받침 18,000"
JC207,주철-사각맨홀,사각주철 맨홀뚜껑,500*500*70,세트,73200,61000,,주철제품 카탈로그,,"뚜껑 40,000 / 받침 21,000 · 중차량"
JC208,주철-사각맨홀,사각주철 맨홀뚜껑,500*1000*50,세트,84000,70000,,주철제품 카탈로그,,"뚜껑 47,000 / 받침 23,000"
JC209,주철-사각맨홀,사각주철 맨홀뚜껑,500*1000*70,세트,136800,114000,,주철제품 카탈로그,,"뚜껑 80,000 / 받침 34,000 · 중차량"
JC210,주철-사각맨홀,사각주철 맨홀뚜껑,550*550*50,세트,55200,46000,,주철제품 카탈로그,,"뚜껑 27,000 / 받침 19,000"
JC211,주철-사각맨홀,사각주철 맨홀뚜껑,600*600*30,개,34800,29000,,주철제품 카탈로그,,"뚜껑만 · 경찰,전기,통신"
JC212,주철-사각맨홀,사각주철 맨홀뚜껑,600*600*30(라운드),개,34800,29000,,주철제품 카탈로그,,"뚜껑만 · 전기,통신"
JC213,주철-사각맨홀,사각주철 맨홀뚜껑,600*600*50,세트,63600,53000,,주철제품 카탈로그,,"뚜껑 33,000 / 받침 20,000 · 우수,오수,전기"
JC214,주철-사각맨홀,사각주철 맨홀뚜껑,600*1000*50,세트,102000,85000,,주철제품 카탈로그,,"뚜껑 54,000 / 받침 31,000"
JC215,주철-사각맨홀,사각주철 맨홀뚜껑,600*1000*70,세트,124800,104000,,주철제품 카탈로그,,"뚜껑 68,000 / 받침 36,000"
JC216,주철-사각맨홀,사각주철 맨홀뚜껑,700*700*30,개,48000,40000,,주철제품 카탈로그,,"뚜껑만 · 경찰,전기,통신"
JC217,주철-사각맨홀,사각주철 맨홀뚜껑,700*700*50,세트,78000,65000,,주철제품 카탈로그,,"뚜껑 44,000 / 받침 21,000 · 우수,오수,전기"
JC218,주철-사각맨홀,사각주철 맨홀뚜껑,700*700*70,세트,100800,84000,,주철제품 카탈로그,,"뚜껑 54,000 / 받침 30,000"
JC219,주철-사각맨홀,사각주철 맨홀뚜껑,800*800*50,세트,111600,93000,,주철제품 카탈로그,,"뚜껑 63,000 / 받침 30,000"
JC220,주철-사각맨홀,사각주철 맨홀뚜껑,800*800*70,세트,128400,107000,,주철제품 카탈로그,,"뚜껑 70,000 / 받침 37,000"
JC221,주철-사각맨홀,사각주철 맨홀뚜껑,900*900*50,세트,144000,120000,,주철제품 카탈로그,,"뚜껑 84,000 / 받침 36,000"
JC222,주철-사각맨홀,사각주철 맨홀뚜껑,900*900*70,세트,178800,149000,,주철제품 카탈로그,,"뚜껑 107,000 / 받침 42,000"
JC223,주철-사각맨홀,사각주철 맨홀뚜껑,1000*1000*50,세트,178800,149000,,주철제품 카탈로그,,"뚜껑 107,000 / 받침 42,000"
JC224,주철-사각맨홀,사각주철 맨홀뚜껑,1000*1000*70,세트,219600,183000,,주철제품 카탈로그,,"뚜껑 134,000 / 받침 49,000"
JC225,주철-사각맨홀,사각주철 맨홀뚜껑,1100*1100*50,세트,207600,173000,,주철제품 카탈로그,,"뚜껑 125,000 / 받침 48,000"
JC226,주철-사각맨홀,사각주철 맨홀뚜껑,1100*1100*70,세트,255600,213000,,주철제품 카탈로그,,"뚜껑 158,000 / 받침 55,000"
JC227,주철-사각맨홀,사각주철 맨홀뚜껑,1200*1200*50,세트,273600,228000,,주철제품 카탈로그,,"뚜껑 168,000 / 받침 60,000"
JC228,주철-사각맨홀,사각주철 맨홀뚜껑,1200*1200*70,세트,320400,267000,,주철제품 카탈로그,,"뚜껑 185,000 / 받침 82,000"
JC229,주철-사각맨홀,사각주철 맨홀뚜껑,1300*1300*50,세트,344400,287000,,주철제품 카탈로그,,"뚜껑 227,000 / 받침 60,000"
JC230,주철-사각맨홀,사각주철 맨홀뚜껑,1300*1300*70,세트,363600,303000,,주철제품 카탈로그,,"뚜껑 241,000 / 받침 62,000"
JC231,주철-수도계량기,수도계량기 주철커버,13/15mm,개,22800,19000,,주철제품 카탈로그,,
JC232,주철-수도계량기,수도계량기 주철커버,20/25mm,개,30000,25000,,주철제품 카탈로그,,
JC233,주철-수도계량기,수도계량기 주철커버,40/50mm,개,54000,45000,,주철제품 카탈로그,,
RD001,루프드레인,루프드레인(PVC일반),75mm,세트,8400,7000,,주철제품 카탈로그,,"캡 3,000"
RD002,루프드레인,루프드레인(PVC일반),75mm 롱,세트,12000,10000,,주철제품 카탈로그,,"캡 3,000"
RD003,루프드레인,루프드레인(PVC일반),100mm,세트,9600,8000,,주철제품 카탈로그,,"캡 3,000"
RD004,루프드레인,루프드레인(PVC일반),100mm 롱,세트,10800,9000,,주철제품 카탈로그,,"캡 3,000"
RD005,루프드레인,루프드레인(PVC일반),125mm,세트,13200,11000,,주철제품 카탈로그,,"캡 6,000"
RD006,루프드레인,루프드레인(PVC일반),150mm,세트,14400,12000,,주철제품 카탈로그,,"캡 7,000"
RD007,루프드레인,루프드레인(PVC일반),200mm,세트,38400,32000,,주철제품 카탈로그,,"캡 27,000"
RD008,루프드레인,루프드레인(PVC주공),75mm,세트,10800,9000,,주철제품 카탈로그,,"캡 3,000"
RD009,루프드레인,루프드레인(PVC주공),75mm 롱,세트,14400,12000,,주철제품 카탈로그,,"캡 3,000"
RD010,루프드레인,루프드레인(PVC주공),100mm,세트,12000,10000,,주철제품 카탈로그,,"캡 3,000"
RD011,루프드레인,루프드레인(PVC주공),100mm 롱,세트,15600,13000,,주철제품 카탈로그,,"캡 3,000"
RD012,루프드레인,루프드레인(PVC주공),125mm,세트,16800,14000,,주철제품 카탈로그,,"캡 6,000"
RD013,루프드레인,루프드레인(PVC주공),150mm,세트,20400,17000,,주철제품 카탈로그,,"캡 6,000"
RD014,루프드레인,루프드레인(PVC주공),200mm,세트,45600,38000,,주철제품 카탈로그,,"캡 10,000"
RD015,루프드레인,루프드레인(PVC벽체),75mm,세트,12000,10000,,주철제품 카탈로그,,"캡 3,000"
RD016,루프드레인,루프드레인(PVC벽체),100mm,세트,12000,10000,,주철제품 카탈로그,,"캡 3,000"
RD017,루프드레인,루프드레인(PVC벽체),125mm,세트,15600,13000,,주철제품 카탈로그,,"캡 3,000"
RD018,루프드레인,루프드레인(PVC벽체),150mm,세트,38400,32000,,주철제품 카탈로그,,"캡 7,000"
RD019,루프드레인,루프드레인(PVC벽체),200mm,세트,68400,57000,,주철제품 카탈로그,,"캡 14,000"
RD020,루프드레인,루프드레인(PVC교량용),원형,세트,52800,44000,,주철제품 카탈로그,,"캡 19,000"
RD021,루프드레인,루프드레인(PVC교량용),사각,세트,60000,50000,,주철제품 카탈로그,,"캡 17,000"
RD022,루프드레인,루프드레인(PVC나팔),125mm,세트,12000,10000,,주철제품 카탈로그,,"캡 3,000"
RD023,루프드레인,루프드레인(PVC나팔),150mm,세트,13200,11000,,주철제품 카탈로그,,"캡 3,000"
RD024,루프드레인,루프드레인(PVC나팔),610 200mm,세트,14400,12000,,주철제품 카탈로그,,"캡 3,000"
RD025,루프드레인,강관용 루프드레인 벽체,100mm,개,45600,38000,,주철제품 카탈로그,,
RD026,루프드레인,강관용 루프드레인,100mm,개,40800,34000,,주철제품 카탈로그,,
RD027,루프드레인,강관용 루프드레인 발코니,100mm,개,22800,19000,,주철제품 카탈로그,,
RD028,루프드레인,강관용 루프드레인 닛플,100mm*L300mm,개,19200,16000,,주철제품 카탈로그,,
CP001,콘크리트-벤치플룸관,벤치플룸관3종 200C,200x200x40,본,33700,29300,0,순창(063-653-4002),,식별번호 24389677 · 중량 154kg
CP002,콘크리트-벤치플룸관,벤치플룸관3종 300C,300x300x50,본,40800,35500,47700,순창(063-653-4002),,식별번호 24389678 · 중량 257kg
CP003,콘크리트-벤치플룸관,벤치플룸관3종 400C,400x400x60,본,58800,51100,68400,순창(063-653-4002),,식별번호 24389679 · 중량 406kg
CP004,콘크리트-벤치플룸관,벤치플룸관3종 500B,500x450x65,본,65100,56600,78800,순창(063-653-4002),,식별번호 24389680 · 중량 506kg
CP005,콘크리트-벤치플룸관,벤치플룸관3종 500C,500x500x70,본,76000,66100,87800,순창(063-653-4002),,식별번호 24389681 · 중량 584kg
CP006,콘크리트-벤치플룸관,벤치플룸관3종 600B,600x500x70,본,87900,76400,104700,순창(063-653-4002),,식별번호 24389682 · 중량 628kg
CP007,콘크리트-벤치플룸관,벤치플룸관3종 600C,600x600x75,본,100400,87300,119800,순창(063-653-4002),,식별번호 24389683 · 중량 730kg
CP008,콘크리트-벤치플룸관,벤치플룸관3종 700,700x600x75,본,108200,94100,126200,순창(063-653-4002),,식별번호 24389684 · 중량 790kg
CP009,콘크리트-벤치플룸관,벤치플룸관3종 800B,800x700x80,본,135700,118000,159800,순창(063-653-4002),,식별번호 24389685 · 중량 1024kg
CP010,콘크리트-벤치플룸관,벤치플룸관3종 900B,900x800x85,본,148200,128900,178600,순창(063-653-4002),,식별번호 24389686 · 중량 1144kg
CP011,콘크리트-벤치플룸관,벤치플룸관3종 1000,1000x800x85,본,164700,143200,195500,순창(063-653-4002),,식별번호 24389687 · 중량 1240kg
CP012,콘크리트-벤치플룸관,벤치플룸관3종 1000C,1000x1000x90,본,185800,161600,216300,순창(063-653-4002),,식별번호 24389688 · 중량 1501kg
CP013,콘크리트-벤치플룸관,벤치플룸관3종 1200B,1200x1000x110,본,229000,199100,275500,순창(063-653-4002),,식별번호 24389689 · 중량 2020kg
CP014,콘크리트-벤치플룸관,벤치플룸관3종 1500A,1500x1000x110,본,279100,242700,324100,순창(063-653-4002),,식별번호 24389690 · 중량 2136kg
CP015,콘크리트-벤치플룸관,벤치플룸관3종 1500B,1500x1200x120,본,315200,274100,367500,순창(063-653-4002),,식별번호 24389691 · 중량 2630kg
CP101,콘크리트-벤치플룸관,벤치플룸관2종 200,200x150x35,본,27600,24000,0,순창(063-653-4002),,식별번호 24389671 · 중량 105kg
CP102,콘크리트-벤치플룸관,벤치플룸관2종 300,300x200x40,본,27600,24000,28300,순창(063-653-4002),,식별번호 24389672 · 중량 163kg
CP103,콘크리트-벤치플룸관,벤치플룸관2종 400,400x260x50,본,38200,33200,39200,순창(063-653-4002),,식별번호 24389673 · 중량 256kg
CP104,콘크리트-벤치플룸관,벤치플룸관2종 500,500x320x55,본,51500,44800,53400,순창(063-653-4002),,식별번호 24389674 · 중량 350kg
CP105,콘크리트-벤치플룸관,벤치플룸관2종 600,600x380x60,본,61300,53300,63200,순창(063-653-4002),,식별번호 24389675 · 중량 430kg
CP106,콘크리트-벤치플룸관,벤치플룸관2종 700,700x440x70,본,81800,71100,82900,순창(063-653-4002),,식별번호 24389676 · 중량 570kg
CP201,콘크리트-수로뚜껑,수로뚜껑 400T,580x150x2m,본,52700,45800,62100,순창(063-653-4002),,식별번호 24389662 · 중량 390kg
CP202,콘크리트-수로뚜껑,수로뚜껑 500T,700x150x2m,본,68500,59600,83200,순창(063-653-4002),,식별번호 24389663 · 중량 450kg
CP203,콘크리트-수로뚜껑,수로뚜껑 600T,810x150x2m,본,82000,71300,99300,순창(063-653-4002),,식별번호 24389664 · 중량 560kg
CP204,콘크리트-수로뚜껑,수로뚜껑 700T,910x150x2m,본,86900,75600,102900,순창(063-653-4002),,식별번호 24389665 · 중량 680kg
CP205,콘크리트-수로뚜껑,수로뚜껑 800T,1020x150x2m,본,98700,85800,117400,순창(063-653-4002),,식별번호 24389666 · 중량 750kg
CP206,콘크리트-수로뚜껑,수로뚜껑 900T,1120x150x2m,본,109600,95300,127500,순창(063-653-4002),,식별번호 24389667 · 중량 820kg
CP207,콘크리트-수로뚜껑,수로뚜껑 1000T,1240x150x2m,본,117100,101800,138200,순창(063-653-4002),,식별번호 24389668 · 중량 900kg
CP208,콘크리트-수로뚜껑,수로뚜껑 1200T,1450x200x2m,본,179900,156400,209400,순창(063-653-4002),,식별번호 24389669 · 중량 1200kg
CP209,콘크리트-수로뚜껑,수로뚜껑 1500T,2000x200x2m,본,238400,207300,278200,순창(063-653-4002),,식별번호 24389670 · 중량 2200kg
CP301,콘크리트-측구수로관,측구수로관(앵글형) 200,200x200x110,본,76800,66800,82000,순창(063-653-4002),,식별번호 24396482 · 중량 234kg
CP302,콘크리트-측구수로관,측구수로관(앵글형) 300,300x300x120,본,92600,80500,107400,순창(063-653-4002),,식별번호 24396483 · 중량 337kg
CP303,콘크리트-측구수로관,측구수로관(앵글형) 400,400x400x130,본,109800,95500,128400,순창(063-653-4002),,식별번호 24396484 · 중량 480kg
CP304,콘크리트-측구수로관,측구수로관(앵글형) 500,500x500x140,본,133300,115900,163300,순창(063-653-4002),,식별번호 24396485 · 중량 670kg
CP305,콘크리트-측구수로관,측구수로관(앵글형) 600,600x600x170,본,169400,147300,197400,순창(063-653-4002),,식별번호 24396486 · 중량 934kg
CP401,콘크리트-측구수로관,측구수로관(일반형) 200,200x200x110,본,38400,33400,47900,순창(063-653-4002),,식별번호 24396477 · 중량 239kg
CP402,콘크리트-측구수로관,측구수로관(일반형) 300,300x300x120,본,50100,43600,66400,순창(063-653-4002),,식별번호 24396478 · 중량 342kg
CP403,콘크리트-측구수로관,측구수로관(일반형) 400,400x400x130,본,72900,63400,84400,순창(063-653-4002),,식별번호 24396479 · 중량 485kg
CP404,콘크리트-측구수로관,측구수로관(일반형) 500,500x500x140,본,91000,79100,104200,순창(063-653-4002),,식별번호 24396480 · 중량 675kg
CP405,콘크리트-측구수로관,측구수로관(일반형) 600,600x600x170,본,124700,108400,125800,순창(063-653-4002),,식별번호 24396481 · 중량 941kg
CP501,콘크리트-유공수로관,유공수로관 200C,200x200x40,본,40800,35500,0,순창(063-653-4002),,식별번호 24396487 · 중량 154kg
CP502,콘크리트-유공수로관,유공수로관 300C,300x300x50,본,45400,39500,51100,순창(063-653-4002),,식별번호 24396488 · 중량 257kg
CP503,콘크리트-유공수로관,유공수로관 400C,400x400x60,본,65900,57300,74100,순창(063-653-4002),,식별번호 24396489 · 중량 406kg
CP504,콘크리트-유공수로관,유공수로관 500B,500x450x65,본,72900,63400,81700,순창(063-653-4002),,식별번호 24396490 · 중량 506kg
CP505,콘크리트-유공수로관,유공수로관 500C,500x500x70,본,87100,75700,99200,순창(063-653-4002),,식별번호 24396491 · 중량 584kg
CP506,콘크리트-유공수로관,유공수로관 600B,600x500x70,본,98000,85200,109100,순창(063-653-4002),,식별번호 24396492 · 중량 628kg
CP507,콘크리트-유공수로관,유공수로관 600C,600x600x75,본,111300,96800,129300,순창(063-653-4002),,식별번호 24396493 · 중량 730kg
CP508,콘크리트-유공수로관,유공수로관 700B,700x600x75,본,120700,105000,139300,순창(063-653-4002),,식별번호 24396494 · 중량 790kg
CP509,콘크리트-유공수로관,유공수로관 800B,800x700x80,본,160800,139800,185000,순창(063-653-4002),,식별번호 24396495 · 중량 1024kg
CP510,콘크리트-유공수로관,유공수로관 900B,900x800x85,본,166200,144500,191200,순창(063-653-4002),,식별번호 24396496 · 중량 1144kg
CP511,콘크리트-유공수로관,유공수로관 1000A,1000x800x85,본,188100,163600,216000,순창(063-653-4002),,식별번호 24396497 · 중량 1240kg
CP512,콘크리트-유공수로관,유공수로관 1000C,1000x1000x90,본,218700,190200,251700,순창(063-653-4002),,식별번호 24396498 · 중량 1501kg
CP513,콘크리트-유공수로관,유공수로관 1200B,1200x1000x110,본,257100,223600,294900,순창(063-653-4002),,식별번호 24396499 · 중량 2020kg
CP514,콘크리트-유공수로관,유공수로관 1500A,1500x1000x110,본,301100,261800,346500,순창(063-653-4002),,식별번호 24396500 · 중량 2136kg
CP515,콘크리트-유공수로관,유공수로관 1500B,1500x1200x120,본,335600,291800,384900,순창(063-653-4002),,식별번호 24396501 · 중량 2630kg
CP601,콘크리트-보강수로관,보강수로관 1500C,1500x1500,본,0,0,0,순창(063-653-4002),,단가 미표기 · 중량 3400kg
CP701,콘크리트-원형사각수로관,원형사각수로관 2구형(200),D200*2000,본,151800,132000,273800,순창(063-653-4002),,식별번호 24705478 · 중량 250kg
CP702,콘크리트-원형사각수로관,원형사각수로관 2구형(300),D300*2000,본,170800,148500,302300,순창(063-653-4002),,식별번호 24705485 · 중량 470kg
CP703,콘크리트-원형사각수로관,원형사각수로관 NS02(200),D200*500,본,46800,40700,47000,순창(063-653-4002),,식별번호 24705477 · 중량 90kg
CP704,콘크리트-원형사각수로관,원형사각수로관 NS02(200),D200*1000,본,78400,68200,85200,순창(063-653-4002),,식별번호 24705476 · 중량 170kg
CP705,콘크리트-원형사각수로관,원형사각수로관 NS02(200),D200*2000,본,145500,126500,158700,순창(063-653-4002),,식별번호 24705475 · 중량 340kg
CP706,콘크리트-원형사각수로관,원형사각수로관 NS02(300),D300*500,본,53100,46200,61000,순창(063-653-4002),,식별번호 24705484 · 중량 140kg
CP707,콘크리트-원형사각수로관,원형사각수로관 NS02(300),D300*1000,본,84800,73700,106000,순창(063-653-4002),,식별번호 24705483 · 중량 275kg
CP708,콘크리트-원형사각수로관,원형사각수로관 NS02(300),D300*2000,본,158100,137500,192500,순창(063-653-4002),,식별번호 24705482 · 중량 550kg
CP709,콘크리트-원형사각수로관,원형사각수로관 NS03(200),D200*500,본,53100,46200,70500,순창(063-653-4002),,식별번호 24705474 · 중량 90kg
CP710,콘크리트-원형사각수로관,원형사각수로관 NS03(200),D200*1000,본,91100,79200,125000,순창(063-653-4002),,식별번호 24705473 · 중량 170kg
CP711,콘크리트-원형사각수로관,원형사각수로관 NS03(200),D200*2000,본,170800,148500,227300,순창(063-653-4002),,식별번호 24705472 · 중량 340kg
CP712,콘크리트-원형사각수로관,원형사각수로관 NS03(300),D300*500,본,59500,51700,82200,순창(063-653-4002),,식별번호 24705481 · 중량 140kg
CP713,콘크리트-원형사각수로관,원형사각수로관 NS03(300),D300*1000,본,97400,84700,141000,순창(063-653-4002),,식별번호 24705480 · 중량 275kg
CP714,콘크리트-원형사각수로관,원형사각수로관 NS03(300),D300*2000,본,177100,154000,250700,순창(063-653-4002),,식별번호 24705479 · 중량 550kg
CP715,콘크리트-원형사각수로관,원형사각수로관 집수정200,D200,본,154000,140000,150000,순창(063-653-4002),,식별번호 24705486 · 중량 360kg
CP716,콘크리트-원형사각수로관,원형사각수로관 집수정300,D300,본,181500,165000,181000,순창(063-653-4002),,식별번호 24705471 · 중량 460kg
PE001,PE관-직관,PE이중벽관(1급),150mm,본,35000,28000,,대동(061-335-9774),,1·2종 6M / 3종 4M · 유공관은 무공관 단가 +25% · 400만원 이상 상차시 도착도(전남권)
PE002,PE관-직관,PE이중벽관(2급),150mm,본,32000,25000,,대동(061-335-9774),,1·2종 6M / 3종 4M · 유공관은 무공관 단가 +25% · 400만원 이상 상차시 도착도(전남권)
PE003,PE관-직관,PE이중벽관(3급),150mm,본,15000,11700,,대동(061-335-9774),,1·2종 6M / 3종 4M · 유공관은 무공관 단가 +25% · 400만원 이상 상차시 도착도(전남권)
PE004,PE관-직관,PE다중(삼중)벽관,150mm,본,51000,40300,,대동(061-335-9774),,1·2종 6M / 3종 4M · 유공관은 무공관 단가 +25% · 400만원 이상 상차시 도착도(전남권)
PE005,PE관-직관,PE이중벽관(1급),200mm,본,52000,41040,,대동(061-335-9774),,1·2종 6M / 3종 4M · 유공관은 무공관 단가 +25% · 400만원 이상 상차시 도착도(전남권)
PE006,PE관-직관,PE이중벽관(2급),200mm,본,43000,34100,,대동(061-335-9774),,1·2종 6M / 3종 4M · 유공관은 무공관 단가 +25% · 400만원 이상 상차시 도착도(전남권)
PE007,PE관-직관,PE이중벽관(3급),200mm,본,20000,16000,,대동(061-335-9774),,1·2종 6M / 3종 4M · 유공관은 무공관 단가 +25% · 400만원 이상 상차시 도착도(전남권)
PE008,PE관-직관,PE다중(삼중)벽관,200mm,본,72000,57350,,대동(061-335-9774),,1·2종 6M / 3종 4M · 유공관은 무공관 단가 +25% · 400만원 이상 상차시 도착도(전남권)
PE009,PE관-직관,PE이중벽관(1급),250mm,본,71000,56240,,대동(061-335-9774),,1·2종 6M / 3종 4M · 유공관은 무공관 단가 +25% · 400만원 이상 상차시 도착도(전남권)
PE010,PE관-직관,PE이중벽관(2급),250mm,본,61000,48640,,대동(061-335-9774),,1·2종 6M / 3종 4M · 유공관은 무공관 단가 +25% · 400만원 이상 상차시 도착도(전남권)
PE011,PE관-직관,PE이중벽관(3급),250mm,본,25000,20000,,대동(061-335-9774),,1·2종 6M / 3종 4M · 유공관은 무공관 단가 +25% · 400만원 이상 상차시 도착도(전남권)
PE012,PE관-직관,PE다중(삼중)벽관,250mm,본,93000,74400,,대동(061-335-9774),,1·2종 6M / 3종 4M · 유공관은 무공관 단가 +25% · 400만원 이상 상차시 도착도(전남권)
PE013,PE관-직관,PE이중벽관(1급),300mm,본,92000,73000,,대동(061-335-9774),,1·2종 6M / 3종 4M · 유공관은 무공관 단가 +25% · 400만원 이상 상차시 도착도(전남권)
PE014,PE관-직관,PE이중벽관(2급),300mm,본,71000,56240,,대동(061-335-9774),,1·2종 6M / 3종 4M · 유공관은 무공관 단가 +25% · 400만원 이상 상차시 도착도(전남권)
PE015,PE관-직관,PE이중벽관(3급),300mm,본,33000,25650,,대동(061-335-9774),,1·2종 6M / 3종 4M · 유공관은 무공관 단가 +25% · 400만원 이상 상차시 도착도(전남권)
PE016,PE관-직관,PE다중(삼중)벽관,300mm,본,132000,105400,,대동(061-335-9774),,1·2종 6M / 3종 4M · 유공관은 무공관 단가 +25% · 400만원 이상 상차시 도착도(전남권)
PE017,PE관-직관,PE이중벽관(1급),400mm,본,175000,140000,,대동(061-335-9774),,1·2종 6M / 3종 4M · 유공관은 무공관 단가 +25% · 400만원 이상 상차시 도착도(전남권)
PE018,PE관-직관,PE이중벽관(2급),400mm,본,126000,100320,,대동(061-335-9774),,1·2종 6M / 3종 4M · 유공관은 무공관 단가 +25% · 400만원 이상 상차시 도착도(전남권)
PE019,PE관-직관,PE이중벽관(3급),400mm,본,50000,39500,,대동(061-335-9774),,1·2종 6M / 3종 4M · 유공관은 무공관 단가 +25% · 400만원 이상 상차시 도착도(전남권)
PE020,PE관-직관,PE다중(삼중)벽관,400mm,본,235000,187550,,대동(061-335-9774),,1·2종 6M / 3종 4M · 유공관은 무공관 단가 +25% · 400만원 이상 상차시 도착도(전남권)
PE021,PE관-직관,PE이중벽관(1급),450mm,본,210000,167400,,대동(061-335-9774),,1·2종 6M / 3종 4M · 유공관은 무공관 단가 +25% · 400만원 이상 상차시 도착도(전남권)
PE022,PE관-직관,PE이중벽관(2급),450mm,본,157000,125000,,대동(061-335-9774),,1·2종 6M / 3종 4M · 유공관은 무공관 단가 +25% · 400만원 이상 상차시 도착도(전남권)
PE023,PE관-직관,PE이중벽관(3급),450mm,본,67000,53000,,대동(061-335-9774),,1·2종 6M / 3종 4M · 유공관은 무공관 단가 +25% · 400만원 이상 상차시 도착도(전남권)
PE024,PE관-직관,PE다중(삼중)벽관,450mm,본,287000,229400,,대동(061-335-9774),,1·2종 6M / 3종 4M · 유공관은 무공관 단가 +25% · 400만원 이상 상차시 도착도(전남권)
PE025,PE관-직관,PE이중벽관(1급),500mm,본,266000,212800,,대동(061-335-9774),,1·2종 6M / 3종 4M · 유공관은 무공관 단가 +25% · 400만원 이상 상차시 도착도(전남권)
PE026,PE관-직관,PE이중벽관(2급),500mm,본,190000,152000,,대동(061-335-9774),,1·2종 6M / 3종 4M · 유공관은 무공관 단가 +25% · 400만원 이상 상차시 도착도(전남권)
PE027,PE관-직관,PE이중벽관(3급),500mm,본,79000,63000,,대동(061-335-9774),,1·2종 6M / 3종 4M · 유공관은 무공관 단가 +25% · 400만원 이상 상차시 도착도(전남권)
PE028,PE관-직관,PE다중(삼중)벽관,500mm,본,361000,288300,,대동(061-335-9774),,1·2종 6M / 3종 4M · 유공관은 무공관 단가 +25% · 400만원 이상 상차시 도착도(전남권)
PE029,PE관-직관,PE이중벽관(1급),600mm,본,342000,273600,,대동(061-335-9774),,1·2종 6M / 3종 4M · 유공관은 무공관 단가 +25% · 400만원 이상 상차시 도착도(전남권)
PE030,PE관-직관,PE이중벽관(2급),600mm,본,275000,220000,,대동(061-335-9774),,1·2종 6M / 3종 4M · 유공관은 무공관 단가 +25% · 400만원 이상 상차시 도착도(전남권)
PE031,PE관-직관,PE이중벽관(3급),600mm,본,109000,86800,,대동(061-335-9774),,1·2종 6M / 3종 4M · 유공관은 무공관 단가 +25% · 400만원 이상 상차시 도착도(전남권)
PE032,PE관-직관,PE다중(삼중)벽관,600mm,본,518000,413850,,대동(061-335-9774),,1·2종 6M / 3종 4M · 유공관은 무공관 단가 +25% · 400만원 이상 상차시 도착도(전남권)
PE033,PE관-직관,PE이중벽관(1급),700mm,본,535000,427800,,대동(061-335-9774),,1·2종 6M / 3종 4M · 유공관은 무공관 단가 +25% · 400만원 이상 상차시 도착도(전남권)
PE034,PE관-직관,PE이중벽관(2급),700mm,본,418000,334400,,대동(061-335-9774),,1·2종 6M / 3종 4M · 유공관은 무공관 단가 +25% · 400만원 이상 상차시 도착도(전남권)
PE036,PE관-직관,PE다중(삼중)벽관,700mm,본,698000,558000,,대동(061-335-9774),,1·2종 6M / 3종 4M · 유공관은 무공관 단가 +25% · 400만원 이상 상차시 도착도(전남권)
PE037,PE관-직관,PE이중벽관(1급),800mm,본,640000,511500,,대동(061-335-9774),,1·2종 6M / 3종 4M · 유공관은 무공관 단가 +25% · 400만원 이상 상차시 도착도(전남권)
PE038,PE관-직관,PE이중벽관(2급),800mm,본,488000,390000,,대동(061-335-9774),,1·2종 6M / 3종 4M · 유공관은 무공관 단가 +25% · 400만원 이상 상차시 도착도(전남권)
PE039,PE관-직관,PE이중벽관(3급),800mm,본,216000,172500,,대동(061-335-9774),,1·2종 6M / 3종 4M · 유공관은 무공관 단가 +25% · 400만원 이상 상차시 도착도(전남권)
PE040,PE관-직관,PE다중(삼중)벽관,800mm,본,896000,716100,,대동(061-335-9774),,1·2종 6M / 3종 4M · 유공관은 무공관 단가 +25% · 400만원 이상 상차시 도착도(전남권)
PE041,PE관-직관,PE이중벽관(1급),1000mm,본,1008000,806000,,대동(061-335-9774),,1·2종 6M / 3종 4M · 유공관은 무공관 단가 +25% · 400만원 이상 상차시 도착도(전남권)
PE042,PE관-직관,PE이중벽관(2급),1000mm,본,795000,635500,,대동(061-335-9774),,1·2종 6M / 3종 4M · 유공관은 무공관 단가 +25% · 400만원 이상 상차시 도착도(전남권)
PE043,PE관-직관,PE이중벽관(3급),1000mm,본,338000,270000,,대동(061-335-9774),,1·2종 6M / 3종 4M · 유공관은 무공관 단가 +25% · 400만원 이상 상차시 도착도(전남권)
PE101,PE관-부속,PE밴드,150mm,개,5000,3300,,대동(061-335-9774),,
PE102,PE관-부속,sts밴드,150mm,개,10000,7300,,대동(061-335-9774),,
PE103,PE관-부속,열수축밴드,150mm,개,5000,3390,,대동(061-335-9774),,
PE104,PE관-부속,원봉연결구,150mm,개,21000,16500,,대동(061-335-9774),,
PE105,PE관-부속,PE밴드,200mm,개,5000,3700,,대동(061-335-9774),,
PE106,PE관-부속,sts밴드,200mm,개,11000,8300,,대동(061-335-9774),,
PE107,PE관-부속,열수축밴드,200mm,개,7000,5390,,대동(061-335-9774),,
PE108,PE관-부속,원봉연결구,200mm,개,23000,17700,,대동(061-335-9774),,
PE109,PE관-부속,PE밴드,250mm,개,6000,4120,,대동(061-335-9774),,
PE110,PE관-부속,sts밴드,250mm,개,12000,9300,,대동(061-335-9774),,
PE111,PE관-부속,열수축밴드,250mm,개,8000,6000,,대동(061-335-9774),,
PE112,PE관-부속,원봉연결구,250mm,개,25000,19800,,대동(061-335-9774),,
PE113,PE관-부속,PE밴드,300mm,개,6000,4530,,대동(061-335-9774),,
PE114,PE관-부속,sts밴드,300mm,개,13000,10400,,대동(061-335-9774),,
PE115,PE관-부속,열수축밴드,300mm,개,9000,6930,,대동(061-335-9774),,
PE116,PE관-부속,원봉연결구,300mm,개,28000,22000,,대동(061-335-9774),,
PE117,PE관-부속,PE밴드,400mm,개,14000,10450,,대동(061-335-9774),,
PE118,PE관-부속,sts밴드,400mm,개,22000,17200,,대동(061-335-9774),,
PE119,PE관-부속,열수축밴드,400mm,개,11000,8620,,대동(061-335-9774),,
PE120,PE관-부속,원봉연결구,400mm,개,50000,39700,,대동(061-335-9774),,
PE121,PE관-부속,PE밴드,450mm,개,16000,12230,,대동(061-335-9774),,
PE122,PE관-부속,sts밴드,450mm,개,23000,18200,,대동(061-335-9774),,
PE123,PE관-부속,열수축밴드,450mm,개,18000,14000,,대동(061-335-9774),,
PE124,PE관-부속,원봉연결구,450mm,개,54000,42900,,대동(061-335-9774),,
PE125,PE관-부속,PE밴드,500mm,개,18000,13750,,대동(061-335-9774),,
PE126,PE관-부속,sts밴드,500mm,개,35000,28000,,대동(061-335-9774),,
PE127,PE관-부속,열수축밴드,500mm,개,20000,15700,,대동(061-335-9774),,
PE128,PE관-부속,원봉연결구,500mm,개,77000,61200,,대동(061-335-9774),,
PE129,PE관-부속,PE밴드,600mm,개,21000,16500,,대동(061-335-9774),,
PE130,PE관-부속,sts밴드,600mm,개,40000,31800,,대동(061-335-9774),,
PE131,PE관-부속,열수축밴드,600mm,개,23000,18000,,대동(061-335-9774),,
PE132,PE관-부속,원봉연결구,600mm,개,84000,66800,,대동(061-335-9774),,
PE133,PE관-부속,PE밴드,700mm,개,25000,19250,,대동(061-335-9774),,
PE134,PE관-부속,sts밴드,700mm,개,49000,38700,,대동(061-335-9774),,
PE135,PE관-부속,열수축밴드,700mm,개,27000,21000,,대동(061-335-9774),,
PE136,PE관-부속,원봉연결구,700mm,개,100000,79400,,대동(061-335-9774),,
PE137,PE관-부속,PE밴드,800mm,개,31000,24750,,대동(061-335-9774),,
PE138,PE관-부속,sts밴드,800mm,개,67000,53000,,대동(061-335-9774),,
PE139,PE관-부속,열수축밴드,800mm,개,37000,29000,,대동(061-335-9774),,
PE140,PE관-부속,원봉연결구,800mm,개,134000,107000,,대동(061-335-9774),,
PE141,PE관-부속,PE밴드,900mm,개,34000,26900,,대동(061-335-9774),,
PE142,PE관-부속,sts밴드,900mm,개,69000,55000,,대동(061-335-9774),,
PE143,PE관-부속,열수축밴드,900mm,개,40000,31500,,대동(061-335-9774),,
PE144,PE관-부속,원봉연결구,900mm,개,150000,120000,,대동(061-335-9774),,
PE145,PE관-부속,PE밴드,1000mm,개,38000,29900,,대동(061-335-9774),,
PE146,PE관-부속,sts밴드,1000mm,개,88000,70400,,대동(061-335-9774),,
PE147,PE관-부속,열수축밴드,1000mm,개,42000,33000,,대동(061-335-9774),,
PE148,PE관-부속,원봉연결구,1000mm,개,166000,132300,,대동(061-335-9774),,
PE201,PE관-엘보,PE이중벽관(1급) 22.5·45도 엘보,150mm,개,12000,9300,,대동(061-335-9774),,길이 20cm 미만 · 별도 길이 주문시 금액 변동
PE202,PE관-엘보,PE이중벽관(1급) 90도 엘보,150mm,개,16000,12100,,대동(061-335-9774),,길이 20cm 미만 · 별도 길이 주문시 금액 변동
PE203,PE관-엘보,PE이중벽관(2급) 22.5·45도 엘보,150mm,개,9000,6800,,대동(061-335-9774),,길이 20cm 미만 · 별도 길이 주문시 금액 변동
PE204,PE관-엘보,PE이중벽관(2급) 90도 엘보,150mm,개,11000,8100,,대동(061-335-9774),,길이 20cm 미만 · 별도 길이 주문시 금액 변동
PE205,PE관-엘보,PE이중벽관(3급) 22.5·45도 엘보,150mm,개,7000,4900,,대동(061-335-9774),,길이 20cm 미만 · 별도 길이 주문시 금액 변동
PE206,PE관-엘보,PE이중벽관(3급) 90도 엘보,150mm,개,7000,5500,,대동(061-335-9774),,길이 20cm 미만 · 별도 길이 주문시 금액 변동
PE207,PE관-엘보,PE이중벽관(1급) 22.5·45도 엘보,200mm,개,15000,11500,,대동(061-335-9774),,길이 20cm 미만 · 별도 길이 주문시 금액 변동
PE208,PE관-엘보,PE이중벽관(1급) 90도 엘보,200mm,개,18000,14300,,대동(061-335-9774),,길이 20cm 미만 · 별도 길이 주문시 금액 변동
PE209,PE관-엘보,PE이중벽관(2급) 22.5·45도 엘보,200mm,개,12000,9500,,대동(061-335-9774),,길이 20cm 미만 · 별도 길이 주문시 금액 변동
PE210,PE관-엘보,PE이중벽관(2급) 90도 엘보,200mm,개,15000,11400,,대동(061-335-9774),,길이 20cm 미만 · 별도 길이 주문시 금액 변동
PE211,PE관-엘보,PE이중벽관(3급) 22.5·45도 엘보,200mm,개,9000,6600,,대동(061-335-9774),,길이 20cm 미만 · 별도 길이 주문시 금액 변동
PE212,PE관-엘보,PE이중벽관(3급) 90도 엘보,200mm,개,10000,7700,,대동(061-335-9774),,길이 20cm 미만 · 별도 길이 주문시 금액 변동
PE213,PE관-엘보,PE이중벽관(1급) 22.5·45도 엘보,250mm,개,19000,15000,,대동(061-335-9774),,길이 20cm 미만 · 별도 길이 주문시 금액 변동
PE214,PE관-엘보,PE이중벽관(1급) 90도 엘보,250mm,개,25000,19300,,대동(061-335-9774),,길이 20cm 미만 · 별도 길이 주문시 금액 변동
PE215,PE관-엘보,PE이중벽관(2급) 22.5·45도 엘보,250mm,개,16000,12100,,대동(061-335-9774),,길이 20cm 미만 · 별도 길이 주문시 금액 변동
PE216,PE관-엘보,PE이중벽관(2급) 90도 엘보,250mm,개,19000,14500,,대동(061-335-9774),,길이 20cm 미만 · 별도 길이 주문시 금액 변동
PE217,PE관-엘보,PE이중벽관(3급) 22.5·45도 엘보,250mm,개,11000,8200,,대동(061-335-9774),,길이 20cm 미만 · 별도 길이 주문시 금액 변동
PE218,PE관-엘보,PE이중벽관(3급) 90도 엘보,250mm,개,12000,9300,,대동(061-335-9774),,길이 20cm 미만 · 별도 길이 주문시 금액 변동
PE219,PE관-엘보,PE이중벽관(1급) 22.5·45도 엘보,300mm,개,24000,19200,,대동(061-335-9774),,길이 20cm 미만 · 별도 길이 주문시 금액 변동
PE220,PE관-엘보,PE이중벽관(1급) 90도 엘보,300mm,개,28000,22000,,대동(061-335-9774),,길이 20cm 미만 · 별도 길이 주문시 금액 변동
PE221,PE관-엘보,PE이중벽관(2급) 22.5·45도 엘보,300mm,개,17000,13200,,대동(061-335-9774),,길이 20cm 미만 · 별도 길이 주문시 금액 변동
PE222,PE관-엘보,PE이중벽관(2급) 90도 엘보,300mm,개,20000,15600,,대동(061-335-9774),,길이 20cm 미만 · 별도 길이 주문시 금액 변동
PE223,PE관-엘보,PE이중벽관(3급) 22.5·45도 엘보,300mm,개,12000,9300,,대동(061-335-9774),,길이 20cm 미만 · 별도 길이 주문시 금액 변동
PE224,PE관-엘보,PE이중벽관(3급) 90도 엘보,300mm,개,13000,10400,,대동(061-335-9774),,길이 20cm 미만 · 별도 길이 주문시 금액 변동
PE225,PE관-엘보,PE이중벽관(1급) 22.5·45도 엘보,400mm,개,49000,38500,,대동(061-335-9774),,길이 20cm 미만 · 별도 길이 주문시 금액 변동
PE226,PE관-엘보,PE이중벽관(1급) 90도 엘보,400mm,개,58000,46200,,대동(061-335-9774),,길이 20cm 미만 · 별도 길이 주문시 금액 변동
PE227,PE관-엘보,PE이중벽관(2급) 22.5·45도 엘보,400mm,개,33000,26400,,대동(061-335-9774),,길이 20cm 미만 · 별도 길이 주문시 금액 변동
PE228,PE관-엘보,PE이중벽관(2급) 90도 엘보,400mm,개,40000,31600,,대동(061-335-9774),,길이 20cm 미만 · 별도 길이 주문시 금액 변동
PE229,PE관-엘보,PE이중벽관(3급) 22.5·45도 엘보,400mm,개,24000,18700,,대동(061-335-9774),,길이 20cm 미만 · 별도 길이 주문시 금액 변동
PE230,PE관-엘보,PE이중벽관(3급) 90도 엘보,400mm,개,25000,19800,,대동(061-335-9774),,길이 20cm 미만 · 별도 길이 주문시 금액 변동
PE231,PE관-엘보,PE이중벽관(1급) 22.5·45도 엘보,450mm,개,55000,44000,,대동(061-335-9774),,길이 20cm 미만 · 별도 길이 주문시 금액 변동
PE232,PE관-엘보,PE이중벽관(1급) 90도 엘보,450mm,개,66000,52800,,대동(061-335-9774),,길이 20cm 미만 · 별도 길이 주문시 금액 변동
PE233,PE관-엘보,PE이중벽관(2급) 22.5·45도 엘보,450mm,개,43000,34400,,대동(061-335-9774),,길이 20cm 미만 · 별도 길이 주문시 금액 변동
PE234,PE관-엘보,PE이중벽관(2급) 90도 엘보,450mm,개,52000,41300,,대동(061-335-9774),,길이 20cm 미만 · 별도 길이 주문시 금액 변동
PE237,PE관-엘보,PE이중벽관(1급) 22.5·45도 엘보,500mm,개,72000,57200,,대동(061-335-9774),,길이 20cm 미만 · 별도 길이 주문시 금액 변동
PE238,PE관-엘보,PE이중벽관(1급) 90도 엘보,500mm,개,86000,68200,,대동(061-335-9774),,길이 20cm 미만 · 별도 길이 주문시 금액 변동
PE239,PE관-엘보,PE이중벽관(2급) 22.5·45도 엘보,500mm,개,52000,41100,,대동(061-335-9774),,길이 20cm 미만 · 별도 길이 주문시 금액 변동
PE240,PE관-엘보,PE이중벽관(2급) 90도 엘보,500mm,개,62000,49300,,대동(061-335-9774),,길이 20cm 미만 · 별도 길이 주문시 금액 변동
PE241,PE관-엘보,PE이중벽관(3급) 22.5·45도 엘보,500mm,개,42000,33000,,대동(061-335-9774),,길이 20cm 미만 · 별도 길이 주문시 금액 변동
PE242,PE관-엘보,PE이중벽관(3급) 90도 엘보,500mm,개,44000,35000,,대동(061-335-9774),,길이 20cm 미만 · 별도 길이 주문시 금액 변동
PE243,PE관-엘보,PE이중벽관(1급) 22.5·45도 엘보,600mm,개,93000,73700,,대동(061-335-9774),,길이 20cm 미만 · 별도 길이 주문시 금액 변동
PE244,PE관-엘보,PE이중벽관(1급) 90도 엘보,600mm,개,110000,88000,,대동(061-335-9774),,길이 20cm 미만 · 별도 길이 주문시 금액 변동
PE245,PE관-엘보,PE이중벽관(2급) 22.5·45도 엘보,600mm,개,76000,60500,,대동(061-335-9774),,길이 20cm 미만 · 별도 길이 주문시 금액 변동
PE246,PE관-엘보,PE이중벽관(2급) 90도 엘보,600mm,개,91000,72600,,대동(061-335-9774),,길이 20cm 미만 · 별도 길이 주문시 금액 변동
PE247,PE관-엘보,PE이중벽관(3급) 22.5·45도 엘보,600mm,개,44000,35200,,대동(061-335-9774),,길이 20cm 미만 · 별도 길이 주문시 금액 변동
PE248,PE관-엘보,PE이중벽관(3급) 90도 엘보,600mm,개,49000,38500,,대동(061-335-9774),,길이 20cm 미만 · 별도 길이 주문시 금액 변동
PE249,PE관-엘보,PE이중벽관(1급) 22.5·45도 엘보,700mm,개,131000,104500,,대동(061-335-9774),,길이 20cm 미만 · 별도 길이 주문시 금액 변동
PE250,PE관-엘보,PE이중벽관(1급) 90도 엘보,700mm,개,157000,125400,,대동(061-335-9774),,길이 20cm 미만 · 별도 길이 주문시 금액 변동
PE251,PE관-엘보,PE이중벽관(2급) 22.5·45도 엘보,700mm,개,101000,80800,,대동(061-335-9774),,길이 20cm 미만 · 별도 길이 주문시 금액 변동
PE252,PE관-엘보,PE이중벽관(2급) 90도 엘보,700mm,개,122000,97000,,대동(061-335-9774),,길이 20cm 미만 · 별도 길이 주문시 금액 변동
PE253,PE관-엘보,PE이중벽관(3급) 22.5·45도 엘보,700mm,개,76000,60600,,대동(061-335-9774),,길이 20cm 미만 · 별도 길이 주문시 금액 변동
PE254,PE관-엘보,PE이중벽관(3급) 90도 엘보,700mm,개,91000,72700,,대동(061-335-9774),,길이 20cm 미만 · 별도 길이 주문시 금액 변동
PE255,PE관-엘보,PE이중벽관(1급) 22.5·45도 엘보,800mm,개,179000,143000,,대동(061-335-9774),,길이 20cm 미만 · 별도 길이 주문시 금액 변동
PE256,PE관-엘보,PE이중벽관(1급) 90도 엘보,800mm,개,215000,171600,,대동(061-335-9774),,길이 20cm 미만 · 별도 길이 주문시 금액 변동
PE257,PE관-엘보,PE이중벽관(2급) 22.5·45도 엘보,800mm,개,132000,105200,,대동(061-335-9774),,길이 20cm 미만 · 별도 길이 주문시 금액 변동
PE258,PE관-엘보,PE이중벽관(2급) 90도 엘보,800mm,개,158000,126300,,대동(061-335-9774),,길이 20cm 미만 · 별도 길이 주문시 금액 변동
PE259,PE관-엘보,PE이중벽관(3급) 22.5·45도 엘보,800mm,개,99000,78800,,대동(061-335-9774),,길이 20cm 미만 · 별도 길이 주문시 금액 변동
PE260,PE관-엘보,PE이중벽관(3급) 90도 엘보,800mm,개,119000,94700,,대동(061-335-9774),,길이 20cm 미만 · 별도 길이 주문시 금액 변동
PE301,PE관-이경관,PE이중벽관(1급) 이경관,150mm*150mm,개,18000,13700,,대동(061-335-9774),,길이 1m 미만 · 별도 길이 주문시 금액 변동
PE302,PE관-이경관,PE이중벽관(2급) 이경관,150mm*150mm,개,16000,12100,,대동(061-335-9774),,길이 1m 미만 · 별도 길이 주문시 금액 변동
PE303,PE관-이경관,PE이중벽관(3급) 이경관,150mm*150mm,개,9000,6600,,대동(061-335-9774),,길이 1m 미만 · 별도 길이 주문시 금액 변동
PE304,PE관-이경관,PE다중벽관 이경관,150mm*150mm,개,21000,16500,,대동(061-335-9774),,길이 1m 미만 · 별도 길이 주문시 금액 변동
PE305,PE관-이경관,PE이중벽관(1급) 이경관,200mm*150mm,개,18000,14300,,대동(061-335-9774),,길이 1m 미만 · 별도 길이 주문시 금액 변동
PE306,PE관-이경관,PE이중벽관(2급) 이경관,200mm*150mm,개,17000,13600,,대동(061-335-9774),,길이 1m 미만 · 별도 길이 주문시 금액 변동
PE307,PE관-이경관,PE이중벽관(3급) 이경관,200mm*150mm,개,11000,8800,,대동(061-335-9774),,길이 1m 미만 · 별도 길이 주문시 금액 변동
PE308,PE관-이경관,PE다중벽관 이경관,200mm*150mm,개,22000,17100,,대동(061-335-9774),,길이 1m 미만 · 별도 길이 주문시 금액 변동
PE309,PE관-이경관,PE이중벽관(1급) 이경관,200mm*200mm,개,27000,20900,,대동(061-335-9774),,길이 1m 미만 · 별도 길이 주문시 금액 변동
PE310,PE관-이경관,PE이중벽관(2급) 이경관,200mm*200mm,개,21000,16500,,대동(061-335-9774),,길이 1m 미만 · 별도 길이 주문시 금액 변동
PE311,PE관-이경관,PE이중벽관(3급) 이경관,200mm*200mm,개,11000,8800,,대동(061-335-9774),,길이 1m 미만 · 별도 길이 주문시 금액 변동
PE312,PE관-이경관,PE다중벽관 이경관,200mm*200mm,개,32000,25000,,대동(061-335-9774),,길이 1m 미만 · 별도 길이 주문시 금액 변동
PE313,PE관-이경관,PE이중벽관(1급) 이경관,250mm*150mm,개,23000,18100,,대동(061-335-9774),,길이 1m 미만 · 별도 길이 주문시 금액 변동
PE314,PE관-이경관,PE이중벽관(2급) 이경관,250mm*150mm,개,21000,16100,,대동(061-335-9774),,길이 1m 미만 · 별도 길이 주문시 금액 변동
PE315,PE관-이경관,PE이중벽관(3급) 이경관,250mm*150mm,개,11000,8200,,대동(061-335-9774),,길이 1m 미만 · 별도 길이 주문시 금액 변동
PE316,PE관-이경관,PE다중벽관 이경관,250mm*150mm,개,28000,21700,,대동(061-335-9774),,길이 1m 미만 · 별도 길이 주문시 금액 변동
PE317,PE관-이경관,PE이중벽관(1급) 이경관,250mm*200mm,개,25000,19500,,대동(061-335-9774),,길이 1m 미만 · 별도 길이 주문시 금액 변동
PE318,PE관-이경관,PE이중벽관(2급) 이경관,250mm*200mm,개,23000,18000,,대동(061-335-9774),,길이 1m 미만 · 별도 길이 주문시 금액 변동
PE319,PE관-이경관,PE이중벽관(3급) 이경관,250mm*200mm,개,11000,8800,,대동(061-335-9774),,길이 1m 미만 · 별도 길이 주문시 금액 변동
PE320,PE관-이경관,PE다중벽관 이경관,250mm*200mm,개,30000,23400,,대동(061-335-9774),,길이 1m 미만 · 별도 길이 주문시 금액 변동
PE321,PE관-이경관,PE이중벽관(1급) 이경관,250mm*250mm,개,36000,28100,,대동(061-335-9774),,길이 1m 미만 · 별도 길이 주문시 금액 변동
PE322,PE관-이경관,PE이중벽관(2급) 이경관,250mm*250mm,개,28000,22000,,대동(061-335-9774),,길이 1m 미만 · 별도 길이 주문시 금액 변동
PE323,PE관-이경관,PE이중벽관(3급) 이경관,250mm*250mm,개,12000,9300,,대동(061-335-9774),,길이 1m 미만 · 별도 길이 주문시 금액 변동
PE324,PE관-이경관,PE다중벽관 이경관,250mm*250mm,개,43000,33700,,대동(061-335-9774),,길이 1m 미만 · 별도 길이 주문시 금액 변동
PE325,PE관-이경관,PE이중벽관(1급) 이경관,300mm*150mm,개,31000,24700,,대동(061-335-9774),,길이 1m 미만 · 별도 길이 주문시 금액 변동
PE326,PE관-이경관,PE이중벽관(2급) 이경관,300mm*150mm,개,23000,18100,,대동(061-335-9774),,길이 1m 미만 · 별도 길이 주문시 금액 변동
PE327,PE관-이경관,PE이중벽관(3급) 이경관,300mm*150mm,개,16000,12600,,대동(061-335-9774),,길이 1m 미만 · 별도 길이 주문시 금액 변동
PE328,PE관-이경관,PE다중벽관 이경관,300mm*150mm,개,38000,29700,,대동(061-335-9774),,길이 1m 미만 · 별도 길이 주문시 금액 변동
PE329,PE관-이경관,PE이중벽관(1급) 이경관,300mm*200mm,개,33000,26400,,대동(061-335-9774),,길이 1m 미만 · 별도 길이 주문시 금액 변동
PE330,PE관-이경관,PE이중벽관(2급) 이경관,300mm*200mm,개,25000,19600,,대동(061-335-9774),,길이 1m 미만 · 별도 길이 주문시 금액 변동
PE331,PE관-이경관,PE이중벽관(3급) 이경관,300mm*200mm,개,17000,13200,,대동(061-335-9774),,길이 1m 미만 · 별도 길이 주문시 금액 변동
PE332,PE관-이경관,PE다중벽관 이경관,300mm*200mm,개,40000,31600,,대동(061-335-9774),,길이 1m 미만 · 별도 길이 주문시 금액 변동
PE333,PE관-이경관,PE이중벽관(1급) 이경관,300mm*250mm,개,36000,28300,,대동(061-335-9774),,길이 1m 미만 · 별도 길이 주문시 금액 변동
PE334,PE관-이경관,PE이중벽관(2급) 이경관,300mm*250mm,개,28000,21700,,대동(061-335-9774),,길이 1m 미만 · 별도 길이 주문시 금액 변동
PE335,PE관-이경관,PE이중벽관(3급) 이경관,300mm*250mm,개,18000,13800,,대동(061-335-9774),,길이 1m 미만 · 별도 길이 주문시 금액 변동
PE336,PE관-이경관,PE다중벽관 이경관,300mm*250mm,개,43000,33900,,대동(061-335-9774),,길이 1m 미만 · 별도 길이 주문시 금액 변동
PE337,PE관-이경관,PE이중벽관(1급) 이경관,300mm*300mm,개,39000,30800,,대동(061-335-9774),,길이 1m 미만 · 별도 길이 주문시 금액 변동
PE338,PE관-이경관,PE이중벽관(2급) 이경관,300mm*300mm,개,31000,24200,,대동(061-335-9774),,길이 1m 미만 · 별도 길이 주문시 금액 변동
PE339,PE관-이경관,PE이중벽관(3급) 이경관,300mm*300mm,개,18000,14300,,대동(061-335-9774),,길이 1m 미만 · 별도 길이 주문시 금액 변동
PE340,PE관-이경관,PE다중벽관 이경관,300mm*300mm,개,47000,36900,,대동(061-335-9774),,길이 1m 미만 · 별도 길이 주문시 금액 변동
PE341,PE관-이경관,PE이중벽관(1급) 이경관,400mm*150mm,개,54000,42500,,대동(061-335-9774),,길이 1m 미만 · 별도 길이 주문시 금액 변동
PE342,PE관-이경관,PE이중벽관(2급) 이경관,400mm*150mm,개,39000,30500,,대동(061-335-9774),,길이 1m 미만 · 별도 길이 주문시 금액 변동
PE343,PE관-이경관,PE이중벽관(3급) 이경관,400mm*150mm,개,25000,19800,,대동(061-335-9774),,길이 1m 미만 · 별도 길이 주문시 금액 변동
PE344,PE관-이경관,PE다중벽관 이경관,400mm*150mm,개,64000,51000,,대동(061-335-9774),,길이 1m 미만 · 별도 길이 주문시 금액 변동
PE345,PE관-이경관,PE이중벽관(1급) 이경관,400mm*200mm,개,55000,44000,,대동(061-335-9774),,길이 1m 미만 · 별도 길이 주문시 금액 변동
PE346,PE관-이경관,PE이중벽관(2급) 이경관,400mm*200mm,개,41000,32200,,대동(061-335-9774),,길이 1m 미만 · 별도 길이 주문시 금액 변동
PE347,PE관-이경관,PE이중벽관(3급) 이경관,400mm*200mm,개,27000,20900,,대동(061-335-9774),,길이 1m 미만 · 별도 길이 주문시 금액 변동
PE348,PE관-이경관,PE다중벽관 이경관,400mm*200mm,개,66000,52800,,대동(061-335-9774),,길이 1m 미만 · 별도 길이 주문시 금액 변동
PE349,PE관-이경관,PE이중벽관(1급) 이경관,400mm*250mm,개,59000,46500,,대동(061-335-9774),,길이 1m 미만 · 별도 길이 주문시 금액 변동
PE350,PE관-이경관,PE이중벽관(2급) 이경관,400mm*250mm,개,43000,33700,,대동(061-335-9774),,길이 1m 미만 · 별도 길이 주문시 금액 변동
PE351,PE관-이경관,PE이중벽관(3급) 이경관,400mm*250mm,개,29000,23100,,대동(061-335-9774),,길이 1m 미만 · 별도 길이 주문시 금액 변동
PE352,PE관-이경관,PE다중벽관 이경관,400mm*250mm,개,70000,55700,,대동(061-335-9774),,길이 1m 미만 · 별도 길이 주문시 금액 변동
PE353,PE관-이경관,PE이중벽관(1급) 이경관,400mm*300mm,개,63000,49900,,대동(061-335-9774),,길이 1m 미만 · 별도 길이 주문시 금액 변동
PE354,PE관-이경관,PE이중벽관(2급) 이경관,400mm*300mm,개,44000,35200,,대동(061-335-9774),,길이 1m 미만 · 별도 길이 주문시 금액 변동
PE355,PE관-이경관,PE이중벽관(3급) 이경관,400mm*300mm,개,32000,25300,,대동(061-335-9774),,길이 1m 미만 · 별도 길이 주문시 금액 변동
PE356,PE관-이경관,PE다중벽관 이경관,400mm*300mm,개,75000,59800,,대동(061-335-9774),,길이 1m 미만 · 별도 길이 주문시 금액 변동
PE357,PE관-이경관,PE이중벽관(1급) 이경관,400mm*400mm,개,83000,66000,,대동(061-335-9774),,길이 1m 미만 · 별도 길이 주문시 금액 변동
PE358,PE관-이경관,PE이중벽관(2급) 이경관,400mm*400mm,개,60000,47300,,대동(061-335-9774),,길이 1m 미만 · 별도 길이 주문시 금액 변동
PE359,PE관-이경관,PE이중벽관(3급) 이경관,400mm*400mm,개,35000,27500,,대동(061-335-9774),,길이 1m 미만 · 별도 길이 주문시 금액 변동
PE360,PE관-이경관,PE다중벽관 이경관,400mm*400mm,개,99000,79200,,대동(061-335-9774),,길이 1m 미만 · 별도 길이 주문시 금액 변동
PE361,PE관-이경관,PE이중벽관(1급) 이경관,450mm*150mm,개,60000,47500,,대동(061-335-9774),,길이 1m 미만 · 별도 길이 주문시 금액 변동
PE362,PE관-이경관,PE이중벽관(2급) 이경관,450mm*150mm,개,49000,38800,,대동(061-335-9774),,길이 1m 미만 · 별도 길이 주문시 금액 변동
PE364,PE관-이경관,PE다중벽관 이경관,450mm*150mm,개,72000,56900,,대동(061-335-9774),,길이 1m 미만 · 별도 길이 주문시 금액 변동
PE365,PE관-이경관,PE이중벽관(1급) 이경관,450mm*200mm,개,62000,49100,,대동(061-335-9774),,길이 1m 미만 · 별도 길이 주문시 금액 변동
PE366,PE관-이경관,PE이중벽관(2급) 이경관,450mm*200mm,개,51000,40400,,대동(061-335-9774),,길이 1m 미만 · 별도 길이 주문시 금액 변동
PE368,PE관-이경관,PE다중벽관 이경관,450mm*200mm,개,74000,58900,,대동(061-335-9774),,길이 1m 미만 · 별도 길이 주문시 금액 변동
PE369,PE관-이경관,PE이중벽관(1급) 이경관,450mm*250mm,개,65000,51400,,대동(061-335-9774),,길이 1m 미만 · 별도 길이 주문시 금액 변동
PE370,PE관-이경관,PE이중벽관(2급) 이경관,450mm*250mm,개,53000,41800,,대동(061-335-9774),,길이 1m 미만 · 별도 길이 주문시 금액 변동
PE372,PE관-이경관,PE다중벽관 이경관,450mm*250mm,개,78000,61700,,대동(061-335-9774),,길이 1m 미만 · 별도 길이 주문시 금액 변동
PE373,PE관-이경관,PE이중벽관(1급) 이경관,450mm*300mm,개,68000,53900,,대동(061-335-9774),,길이 1m 미만 · 별도 길이 주문시 금액 변동
PE374,PE관-이경관,PE이중벽관(2급) 이경관,450mm*300mm,개,55000,44000,,대동(061-335-9774),,길이 1m 미만 · 별도 길이 주문시 금액 변동
PE376,PE관-이경관,PE다중벽관 이경관,450mm*300mm,개,81000,64600,,대동(061-335-9774),,길이 1m 미만 · 별도 길이 주문시 금액 변동
PE377,PE관-이경관,PE이중벽관(1급) 이경관,450mm*450mm,개,95000,75900,,대동(061-335-9774),,길이 1m 미만 · 별도 길이 주문시 금액 변동
PE378,PE관-이경관,PE이중벽관(2급) 이경관,450mm*450mm,개,77000,61600,,대동(061-335-9774),,길이 1m 미만 · 별도 길이 주문시 금액 변동
PE380,PE관-이경관,PE다중벽관 이경관,450mm*450mm,개,114000,91000,,대동(061-335-9774),,길이 1m 미만 · 별도 길이 주문시 금액 변동
PE381,PE관-이경관,PE이중벽관(1급) 이경관,500mm*150mm,개,78000,62300,,대동(061-335-9774),,길이 1m 미만 · 별도 길이 주문시 금액 변동
PE382,PE관-이경관,PE이중벽관(2급) 이경관,500mm*150mm,개,57000,45600,,대동(061-335-9774),,길이 1m 미만 · 별도 길이 주문시 금액 변동
PE383,PE관-이경관,PE이중벽관(3급) 이경관,500mm*150mm,개,51000,40700,,대동(061-335-9774),,길이 1m 미만 · 별도 길이 주문시 금액 변동
PE384,PE관-이경관,PE다중벽관 이경관,500mm*150mm,개,94000,74800,,대동(061-335-9774),,길이 1m 미만 · 별도 길이 주문시 금액 변동
PE385,PE관-이경관,PE이중벽관(1급) 이경관,500mm*200mm,개,80000,64000,,대동(061-335-9774),,길이 1m 미만 · 별도 길이 주문시 금액 변동
PE386,PE관-이경관,PE이중벽관(2급) 이경관,500mm*200mm,개,60000,47300,,대동(061-335-9774),,길이 1m 미만 · 별도 길이 주문시 금액 변동
PE387,PE관-이경관,PE이중벽관(3급) 이경관,500mm*200mm,개,54000,42900,,대동(061-335-9774),,길이 1m 미만 · 별도 길이 주문시 금액 변동
PE388,PE관-이경관,PE다중벽관 이경관,500mm*200mm,개,96000,76700,,대동(061-335-9774),,길이 1m 미만 · 별도 길이 주문시 금액 변동
PE389,PE관-이경관,PE이중벽관(1급) 이경관,500mm*250mm,개,83000,66000,,대동(061-335-9774),,길이 1m 미만 · 별도 길이 주문시 금액 변동
PE390,PE관-이경관,PE이중벽관(2급) 이경관,500mm*250mm,개,61000,48600,,대동(061-335-9774),,길이 1m 미만 · 별도 길이 주문시 금액 변동
PE391,PE관-이경관,PE이중벽관(3급) 이경관,500mm*250mm,개,57000,45100,,대동(061-335-9774),,길이 1m 미만 · 별도 길이 주문시 금액 변동
PE392,PE관-이경관,PE다중벽관 이경관,500mm*250mm,개,99000,79200,,대동(061-335-9774),,길이 1m 미만 · 별도 길이 주문시 금액 변동
PE393,PE관-이경관,PE이중벽관(1급) 이경관,500mm*300mm,개,88000,69700,,대동(061-335-9774),,길이 1m 미만 · 별도 길이 주문시 금액 변동
PE394,PE관-이경관,PE이중벽관(2급) 이경관,500mm*300mm,개,62000,49500,,대동(061-335-9774),,길이 1m 미만 · 별도 길이 주문시 금액 변동
PE395,PE관-이경관,PE이중벽관(3급) 이경관,500mm*300mm,개,60000,47300,,대동(061-335-9774),,길이 1m 미만 · 별도 길이 주문시 금액 변동
PE396,PE관-이경관,PE다중벽관 이경관,500mm*300mm,개,105000,83700,,대동(061-335-9774),,길이 1m 미만 · 별도 길이 주문시 금액 변동
PE397,PE관-이경관,PE이중벽관(1급) 이경관,500mm*500mm,개,124000,99000,,대동(061-335-9774),,길이 1m 미만 · 별도 길이 주문시 금액 변동
PE398,PE관-이경관,PE이중벽관(2급) 이경관,500mm*500mm,개,93000,73700,,대동(061-335-9774),,길이 1m 미만 · 별도 길이 주문시 금액 변동
PE399,PE관-이경관,PE이중벽관(3급) 이경관,500mm*500mm,개,64000,50600,,대동(061-335-9774),,길이 1m 미만 · 별도 길이 주문시 금액 변동
PE400,PE관-이경관,PE다중벽관 이경관,500mm*500mm,개,149000,118800,,대동(061-335-9774),,길이 1m 미만 · 별도 길이 주문시 금액 변동
PE401,PE관-이경관,PE이중벽관(1급) 이경관,600mm*150mm,개,99000,78800,,대동(061-335-9774),,길이 1m 미만 · 별도 길이 주문시 금액 변동
PE402,PE관-이경관,PE이중벽관(2급) 이경관,600mm*150mm,개,82000,65200,,대동(061-335-9774),,길이 1m 미만 · 별도 길이 주문시 금액 변동
PE403,PE관-이경관,PE이중벽관(3급) 이경관,600mm*150mm,개,51000,40700,,대동(061-335-9774),,길이 1m 미만 · 별도 길이 주문시 금액 변동
PE404,PE관-이경관,PE다중벽관 이경관,600mm*150mm,개,119000,94600,,대동(061-335-9774),,길이 1m 미만 · 별도 길이 주문시 금액 변동
PE405,PE관-이경관,PE이중벽관(1급) 이경관,600mm*200mm,개,101000,80500,,대동(061-335-9774),,길이 1m 미만 · 별도 길이 주문시 금액 변동
PE406,PE관-이경관,PE이중벽관(2급) 이경관,600mm*200mm,개,84000,67100,,대동(061-335-9774),,길이 1m 미만 · 별도 길이 주문시 금액 변동
PE407,PE관-이경관,PE이중벽관(3급) 이경관,600mm*200mm,개,54000,42900,,대동(061-335-9774),,길이 1m 미만 · 별도 길이 주문시 금액 변동
PE408,PE관-이경관,PE다중벽관 이경관,600mm*200mm,개,121000,96500,,대동(061-335-9774),,길이 1m 미만 · 별도 길이 주문시 금액 변동
PE409,PE관-이경관,PE이중벽관(1급) 이경관,600mm*250mm,개,104000,82800,,대동(061-335-9774),,길이 1m 미만 · 별도 길이 주문시 금액 변동
PE410,PE관-이경관,PE이중벽관(2급) 이경관,600mm*250mm,개,86000,68600,,대동(061-335-9774),,길이 1m 미만 · 별도 길이 주문시 금액 변동
PE411,PE관-이경관,PE이중벽관(3급) 이경관,600mm*250mm,개,60000,47300,,대동(061-335-9774),,길이 1m 미만 · 별도 길이 주문시 금액 변동
PE412,PE관-이경관,PE다중벽관 이경관,600mm*250mm,개,125000,99300,,대동(061-335-9774),,길이 1m 미만 · 별도 길이 주문시 금액 변동
PE413,PE관-이경관,PE이중벽관(1급) 이경관,600mm*300mm,개,108000,86200,,대동(061-335-9774),,길이 1m 미만 · 별도 길이 주문시 금액 변동
PE414,PE관-이경관,PE이중벽관(2급) 이경관,600mm*300mm,개,88000,69800,,대동(061-335-9774),,길이 1m 미만 · 별도 길이 주문시 금액 변동
PE415,PE관-이경관,PE이중벽관(3급) 이경관,600mm*300mm,개,66000,52800,,대동(061-335-9774),,길이 1m 미만 · 별도 길이 주문시 금액 변동
PE416,PE관-이경관,PE다중벽관 이경관,600mm*300mm,개,130000,103500,,대동(061-335-9774),,길이 1m 미만 · 별도 길이 주문시 금액 변동
PE417,PE관-이경관,PE이중벽관(1급) 이경관,600mm*600mm,개,163000,129800,,대동(061-335-9774),,길이 1m 미만 · 별도 길이 주문시 금액 변동
PE418,PE관-이경관,PE이중벽관(2급) 이경관,600mm*600mm,개,137000,108900,,대동(061-335-9774),,길이 1m 미만 · 별도 길이 주문시 금액 변동
PE419,PE관-이경관,PE이중벽관(3급) 이경관,600mm*600mm,개,105000,83600,,대동(061-335-9774),,길이 1m 미만 · 별도 길이 주문시 금액 변동
PE420,PE관-이경관,PE다중벽관 이경관,600mm*600mm,개,195000,155700,,대동(061-335-9774),,길이 1m 미만 · 별도 길이 주문시 금액 변동
CB001,콘크리트-집수정,집수정 일반형,300*400*600*150,개,49500,45000,,,,상판 별도(표에 단가 없음) · 두께 150T
CB101,콘크리트-집수정,집수정 50앵글형,300*400*600*150,개,71500,65000,,,,앵글이 상부 마감 · 상판 불필요 · 두께 150T
CB201,콘크리트-집수정,집수정 75앵글형,300*400*600*150,개,77000,70000,,,,앵글이 상부 마감 · 상판 불필요 · 두께 150T
CB002,콘크리트-집수정,집수정 일반형,300*400*800*150,개,60500,55000,,,,상판 별도(표에 단가 없음) · 두께 150T
CB102,콘크리트-집수정,집수정 50앵글형,300*400*800*150,개,82500,75000,,,,앵글이 상부 마감 · 상판 불필요 · 두께 150T
CB202,콘크리트-집수정,집수정 75앵글형,300*400*800*150,개,88000,80000,,,,앵글이 상부 마감 · 상판 불필요 · 두께 150T
CB003,콘크리트-집수정,집수정 일반형,300*800*850*150,개,88000,80000,,,,상판 별도(표에 단가 없음) · 두께 150T
CB103,콘크리트-집수정,집수정 50앵글형,300*800*850*150,개,121000,110000,,,,앵글이 상부 마감 · 상판 불필요 · 두께 150T
CB203,콘크리트-집수정,집수정 75앵글형,300*800*850*150,개,126500,115000,,,,앵글이 상부 마감 · 상판 불필요 · 두께 150T
CB004,콘크리트-집수정,집수정 일반형,300*900*900*150,개,104500,95000,,,,상판 별도(표에 단가 없음) · 두께 150T
CB104,콘크리트-집수정,집수정 50앵글형,300*900*900*150,개,137500,125000,,,,앵글이 상부 마감 · 상판 불필요 · 두께 150T
CB204,콘크리트-집수정,집수정 75앵글형,300*900*900*150,개,143000,130000,,,,앵글이 상부 마감 · 상판 불필요 · 두께 150T
CB005,콘크리트-집수정,집수정 일반형,700*900*1600*150,개,231000,210000,,,,상판 별도(표에 단가 없음) · 두께 150T
CB105,콘크리트-집수정,집수정 50앵글형,700*900*1600*150,개,275000,250000,,,,앵글이 상부 마감 · 상판 불필요 · 두께 150T
CB205,콘크리트-집수정,집수정 75앵글형,700*900*1600*150,개,280500,255000,,,,앵글이 상부 마감 · 상판 불필요 · 두께 150T
CB006,콘크리트-집수정,집수정 일반형,400*400*600*150,개,55000,50000,,,,상판 별도(표에 단가 없음) · 두께 150T
CB106,콘크리트-집수정,집수정 50앵글형,400*400*600*150,개,77000,70000,,,,앵글이 상부 마감 · 상판 불필요 · 두께 150T
CB206,콘크리트-집수정,집수정 75앵글형,400*400*600*150,개,82500,75000,,,,앵글이 상부 마감 · 상판 불필요 · 두께 150T
CB007,콘크리트-집수정,집수정 일반형,450*450*600*150,개,60500,55000,,,,상판 별도(표에 단가 없음) · 두께 150T
CB107,콘크리트-집수정,집수정 50앵글형,450*450*600*150,개,82500,75000,,,,앵글이 상부 마감 · 상판 불필요 · 두께 150T
CB207,콘크리트-집수정,집수정 75앵글형,450*450*600*150,개,88000,80000,,,,앵글이 상부 마감 · 상판 불필요 · 두께 150T
CB008,콘크리트-집수정,집수정 일반형,400*500*800*150,개,71500,65000,,,,상판 별도(표에 단가 없음) · 두께 150T
CB108,콘크리트-집수정,집수정 50앵글형,400*500*800*150,개,99000,90000,,,,앵글이 상부 마감 · 상판 불필요 · 두께 150T
CB208,콘크리트-집수정,집수정 75앵글형,400*500*800*150,개,104500,95000,,,,앵글이 상부 마감 · 상판 불필요 · 두께 150T
CB009,콘크리트-집수정,집수정 일반형,500*500*700*150,개,71500,65000,,,,상판 별도(표에 단가 없음) · 두께 150T
CB109,콘크리트-집수정,집수정 50앵글형,500*500*700*150,개,99000,90000,,,,앵글이 상부 마감 · 상판 불필요 · 두께 150T
CB209,콘크리트-집수정,집수정 75앵글형,500*500*700*150,개,104500,95000,,,,앵글이 상부 마감 · 상판 불필요 · 두께 150T
CB010,콘크리트-집수정,집수정 일반형,600*600*600*150,개,77000,70000,,,,상판 별도(표에 단가 없음) · 관구 400 · 두께 150T
CB110,콘크리트-집수정,집수정 50앵글형,600*600*600*150,개,104500,95000,,,,앵글이 상부 마감 · 상판 불필요 · 관구 400 · 두께 150T
CB210,콘크리트-집수정,집수정 75앵글형,600*600*600*150,개,110000,100000,,,,앵글이 상부 마감 · 상판 불필요 · 관구 400 · 두께 150T
CB011,콘크리트-집수정,집수정 일반형,600*600*800*150,개,93500,85000,,,,상판 별도(표에 단가 없음) · 관구 400 · 두께 150T
CB111,콘크리트-집수정,집수정 50앵글형,600*600*800*150,개,121000,110000,,,,앵글이 상부 마감 · 상판 불필요 · 관구 400 · 두께 150T
CB211,콘크리트-집수정,집수정 75앵글형,600*600*800*150,개,126500,115000,,,,앵글이 상부 마감 · 상판 불필요 · 관구 400 · 두께 150T
CB012,콘크리트-집수정,집수정 일반형,600*600*1000*150,개,110000,100000,,,,상판 별도(표에 단가 없음) · 관구 400 · 두께 150T
CB112,콘크리트-집수정,집수정 50앵글형,600*600*1000*150,개,137500,125000,,,,앵글이 상부 마감 · 상판 불필요 · 관구 400 · 두께 150T
CB212,콘크리트-집수정,집수정 75앵글형,600*600*1000*150,개,143000,130000,,,,앵글이 상부 마감 · 상판 불필요 · 관구 400 · 두께 150T
CB013,콘크리트-집수정,집수정 일반형,700*700*800*150,개,110000,100000,,,,"상판 60,000 별도 (본체+상판 160,000) · 관구 550 · 두께 150T"
CB113,콘크리트-집수정,집수정 50앵글형,700*700*800*150,개,143000,130000,,,,앵글이 상부 마감 · 상판 불필요 · 관구 550 · 두께 150T
CB213,콘크리트-집수정,집수정 75앵글형,700*700*800*150,개,148500,135000,,,,앵글이 상부 마감 · 상판 불필요 · 관구 550 · 두께 150T
CB014,콘크리트-집수정,집수정 일반형,700*700*1000*150,개,126500,115000,,,,"상판 60,000 별도 (본체+상판 175,000) · 관구 550 · 두께 150T"
CB114,콘크리트-집수정,집수정 50앵글형,700*700*1000*150,개,159500,145000,,,,앵글이 상부 마감 · 상판 불필요 · 관구 550 · 두께 150T
CB214,콘크리트-집수정,집수정 75앵글형,700*700*1000*150,개,165000,150000,,,,앵글이 상부 마감 · 상판 불필요 · 관구 550 · 두께 150T
CB015,콘크리트-집수정,집수정 일반형,800*800*800*150,개,126500,115000,,,,"상판 70,000 별도 (본체+상판 185,000) · 관구 550 · 두께 150T"
CB115,콘크리트-집수정,집수정 50앵글형,800*800*800*150,개,165000,150000,,,,앵글이 상부 마감 · 상판 불필요 · 관구 550 · 두께 150T
CB215,콘크리트-집수정,집수정 75앵글형,800*800*800*150,개,170500,155000,,,,앵글이 상부 마감 · 상판 불필요 · 관구 550 · 두께 150T
CB016,콘크리트-집수정,집수정 일반형,800*800*1000*150,개,148500,135000,,,,"상판 70,000 별도 (본체+상판 205,000) · 관구 550 · 두께 150T"
CB116,콘크리트-집수정,집수정 50앵글형,800*800*1000*150,개,187000,170000,,,,앵글이 상부 마감 · 상판 불필요 · 관구 550 · 두께 150T
CB216,콘크리트-집수정,집수정 75앵글형,800*800*1000*150,개,192500,175000,,,,앵글이 상부 마감 · 상판 불필요 · 관구 550 · 두께 150T
CB017,콘크리트-집수정,집수정 일반형,900*900*1000*150,개,165000,150000,,,,"상판 80,000 별도 (본체+상판 230,000) · 관구 550 · 두께 150T"
CB117,콘크리트-집수정,집수정 50앵글형,900*900*1000*150,개,203500,185000,,,,앵글이 상부 마감 · 상판 불필요 · 관구 550 · 두께 150T
CB217,콘크리트-집수정,집수정 75앵글형,900*900*1000*150,개,214500,195000,,,,앵글이 상부 마감 · 상판 불필요 · 관구 550 · 두께 150T
CB018,콘크리트-집수정,집수정 일반형,1000*1000*1000*150,개,181500,165000,,,,"상판 90,000 별도 (본체+상판 255,000) · 관구 550 · 두께 150T"
CB118,콘크리트-집수정,집수정 50앵글형,1000*1000*1000*150,개,225500,205000,,,,앵글이 상부 마감 · 상판 불필요 · 관구 550 · 두께 150T
CB218,콘크리트-집수정,집수정 75앵글형,1000*1000*1000*150,개,236500,215000,,,,앵글이 상부 마감 · 상판 불필요 · 관구 550 · 두께 150T
CB019,콘크리트-집수정,집수정 일반형,1000*1000*1200*150,개,209000,190000,,,,"상판 90,000 별도 (본체+상판 280,000) · 관구 550 · 두께 150T"
CB119,콘크리트-집수정,집수정 50앵글형,1000*1000*1200*150,개,253000,230000,,,,앵글이 상부 마감 · 상판 불필요 · 관구 550 · 두께 150T
CB219,콘크리트-집수정,집수정 75앵글형,1000*1000*1200*150,개,264000,240000,,,,앵글이 상부 마감 · 상판 불필요 · 관구 550 · 두께 150T
CB020,콘크리트-집수정,집수정 일반형,1200*1200*1200*150,개,253000,230000,,,,"상판 120,000 별도 (본체+상판 350,000) · 관구 1000 · 두께 150T"
CB120,콘크리트-집수정,집수정 50앵글형,1200*1200*1200*150,개,308000,280000,,,,앵글이 상부 마감 · 상판 불필요 · 관구 1000 · 두께 150T
CB220,콘크리트-집수정,집수정 75앵글형,1200*1200*1200*150,개,319000,290000,,,,앵글이 상부 마감 · 상판 불필요 · 관구 1000 · 두께 150T
CB021,콘크리트-집수정,집수정 일반형,1500*1500*1500*150,개,385000,350000,,,,"상판 160,000 별도 (본체+상판 510,000) · 관구 1000 · 두께 150T"
CB121,콘크리트-집수정,집수정 50앵글형,1500*1500*1500*150,개,451000,410000,,,,앵글이 상부 마감 · 상판 불필요 · 관구 1000 · 두께 150T
CB221,콘크리트-집수정,집수정 75앵글형,1500*1500*1500*150,개,473000,430000,,,,앵글이 상부 마감 · 상판 불필요 · 관구 1000 · 두께 150T
CB022,콘크리트-집수정,집수정 일반형,2000*1500*1500*150,개,495000,450000,,,,"상판 230,000 별도 (본체+상판 680,000) · 관구 1000 · 두께 150T"
CB122,콘크리트-집수정,집수정 50앵글형,2000*1500*1500*150,개,467500,425000,,,,"앵글이 상부 마감 · 상판 불필요 · 관구 1000 · 두께 150T ⚠ 표에 425,000 으로 적혀 있으나 앞뒤 흐름과 어긋남 — 확인 필요"
CB222,콘크리트-집수정,집수정 75앵글형,2000*1500*1500*150,개,594000,540000,,,,앵글이 상부 마감 · 상판 불필요 · 관구 1000 · 두께 150T
CB023,콘크리트-집수정,집수정 일반형,2000*2000*2000*150,개,1078000,980000,,,,"상판 300,000 별도 (본체+상판 1,280,000) · 관구 1000 · 두께 150T"
CB123,콘크리트-집수정,집수정 50앵글형,2000*2000*2000*150,개,1166000,1060000,,,,앵글이 상부 마감 · 상판 불필요 · 관구 1000 · 두께 150T
CB223,콘크리트-집수정,집수정 75앵글형,2000*2000*2000*150,개,1210000,1100000,,,,앵글이 상부 마감 · 상판 불필요 · 관구 1000 · 두께 150T
